
    [
      {
        "featureGroupID": 1,
        "groupName": "Customers",
        "groupShortDescription": "Demographics for Retail",
        "groupcategory": "Domain",
        "dateLoadTimeStamp": "2014-02-10T10:50:42.389Z",
        "dateUpdateTimeStamp": "2014-02-10T10:50:42.389Z"
      },
      {
        "featureGroupID": 2,
        "groupName": "Cards",
        "groupShortDescription": "Demographics",
        "groupcategory": "Domain",
        "dateLoadTimeStamp": "2014-02-10T10:50:42.389Z",
        "dateUpdateTimeStamp": "2014-02-10T10:50:42.389Z"
      },
      {
        "featureGroupID": 3,
        "groupName": "Mortgages",
        "groupShortDescription": "Demographics",
        "groupcategory": "Domain",
        "dateLoadTimeStamp": "2014-02-10T10:50:42.389Z",
        "dateUpdateTimeStamp": "2014-02-10T10:50:42.389Z"
      },
      {
        "featureGroupID": 4,
        "groupName": "Current and Saving Accounts",
        "groupShortDescription": "Demographics",
        "groupcategory": "Domain",
        "dateLoadTimeStamp": "2014-02-10T10:50:42.389Z",
        "dateUpdateTimeStamp": "2014-02-10T10:50:42.389Z"
      },
      {
        "featureGroupID": 5,
        "groupName": "Loans",
        "groupShortDescription": "Demographics",
        "groupcategory": "Domain",
        "dateLoadTimeStamp": "2014-02-10T10:50:42.389Z",
        "dateUpdateTimeStamp": "2014-02-10T10:50:42.389Z"
      },
      {
        "featureGroupID": 6,
        "groupName": "Transaction Categorization",
        "groupShortDescription": "Demographics",
        "groupcategory": "Domain",
        "dateLoadTimeStamp": "2014-02-10T10:50:42.389Z",
        "dateUpdateTimeStamp": "2014-02-10T10:50:42.389Z"
      },
      {
        "featureGroupID": 7,
        "groupName": "Multi Channel Events",
        "groupShortDescription": "Demographics",
        "groupcategory": "Domain",
        "dateLoadTimeStamp": "2014-02-10T10:50:42.389Z",
        "dateUpdateTimeStamp": "2014-02-10T10:50:42.389Z"
      },
      {
        "featureGroupID": 8,
        "groupName": "Customer Journey",
        "groupShortDescription": "Demographics",
        "groupcategory": "Domain",
        "dateLoadTimeStamp": "2014-02-10T10:50:42.389Z",
        "dateUpdateTimeStamp": "2014-02-10T10:50:42.389Z"
      },
      {
        "featureGroupID": 9,
        "groupName": "Asset and Liability Management",
        "groupShortDescription": "Demographics",
        "groupcategory": "Function",
        "dateLoadTimeStamp": "2014-02-10T10:50:42.389Z",
        "dateUpdateTimeStamp": "2014-02-10T10:50:42.389Z"
      },
      {
        "featureGroupID": 10,
        "groupName": "Profitability",
        "groupShortDescription": "Demographics",
        "groupcategory": "Function",
        "dateLoadTimeStamp": "2014-02-10T10:50:42.389Z",
        "dateUpdateTimeStamp": "2014-02-10T10:50:42.389Z"
      },
      {
        "featureGroupID": 11,
        "groupName": "Risk Management",
        "groupShortDescription": "Demographics",
        "groupcategory": "Function",
        "dateLoadTimeStamp": "2014-02-10T10:50:42.389Z",
        "dateUpdateTimeStamp": "2014-02-10T10:50:42.389Z"
      },
      {
        "featureGroupID": 12,
        "groupName": "Regulatory Compliance",
        "groupShortDescription": "Demographics",
        "groupcategory": "Function",
        "dateLoadTimeStamp": "2014-02-10T10:50:42.389Z",
        "dateUpdateTimeStamp": "2014-02-10T10:50:42.389Z"
      },
      {
        "featureGroupID": 13,
        "groupName": "Relationship Management",
        "groupShortDescription": "Demographics",
        "groupcategory": "Function",
        "dateLoadTimeStamp": "2014-02-10T10:50:42.389Z",
        "dateUpdateTimeStamp": "2014-02-10T10:50:42.389Z"
      },
      {
        "featureGroupID": 14,
        "groupName": "Investment Management",
        "groupShortDescription": "Demographics",
        "groupcategory": "Function",
        "dateLoadTimeStamp": "2014-02-10T10:50:42.389Z",
        "dateUpdateTimeStamp": "2014-02-10T10:50:42.389Z"
      },
      {
        "featureGroupID": 15,
        "groupName": "AWS S3",
        "groupShortDescription": "Demographics",
        "groupcategory": "Source",
        "dateLoadTimeStamp": "2014-02-10T10:50:42.389Z",
        "dateUpdateTimeStamp": "2014-02-10T10:50:42.389Z"
      },
      {
        "featureGroupID": 16,
        "groupName": "Hive",
        "groupShortDescription": "Demographics",
        "groupcategory": "Source",
        "dateLoadTimeStamp": "2014-02-10T10:50:42.389Z",
        "dateUpdateTimeStamp": "2014-02-10T10:50:42.389Z"
      },
      {
        "featureGroupID": 17,
        "groupName": "Maria DB",
        "groupShortDescription": "Demographics",
        "groupcategory": "Source",
        "dateLoadTimeStamp": "2014-02-10T10:50:42.389Z",
        "dateUpdateTimeStamp": "2014-02-10T10:50:42.389Z"
      },
      {
        "featureGroupID": 18,
        "groupName": "AWS Redshift",
        "groupShortDescription": "Demographics",
        "groupcategory": "Source",
        "dateLoadTimeStamp": "2014-02-10T10:50:42.389Z",
        "dateUpdateTimeStamp": "2014-02-10T10:50:42.389Z"
      },
      {
        "featureGroupID": 19,
        "groupName": "Snow Flake DBB",
        "groupShortDescription": "Demographics",
        "groupcategory": "Source",
        "dateLoadTimeStamp": "2014-02-10T10:50:42.389Z",
        "dateUpdateTimeStamp": "2014-02-10T10:50:42.389Z"
      },
      {
        "featureGroupID": 20,
        "groupName": "Kafka",
        "groupShortDescription": "Demographics",
        "groupcategory": "Source",
        "dateLoadTimeStamp": "2014-02-10T10:50:42.389Z",
        "dateUpdateTimeStamp": "2014-02-10T10:50:42.389Z"
      }
    ]
    