[
    {
        "_id": "5e07bf6823dea879325a58d3",
        "Customer_ID": "32453233",
        "Spend_Amount": "400",
        "Business_Date": "14-12-2009",
        "Card_Type": "Premium",
        "Paid_Amount": "400",
        "DOB": "22-12-1992",
        "Marital_Status": "M",
        "Postal_Code": "120322",
        "Self_Employed": "No",
        "Calculated_Carry_Over_Amt": "400",
        "refresh_date": "1577566050336"
    },
    {
        "_id": "5e07bf6823dea879325a58d4",
        "Customer_ID": "32453234",
        "Spend_Amount": "800",
        "Business_Date": "15-12-2009",
        "Card_Type": "Premium",
        "Paid_Amount": "800",
        "DOB": "26-12-1992",
        "Marital_Status": "M",
        "Postal_Code": "120342",
        "Self_Employed": "No",
        "Calculated_Carry_Over_Amt": "1200",
        "refresh_date": "1577566050336"
    },
    {
        "_id": "5e07bf6823dea879325a58d5",
        "Customer_ID": "32453235",
        "Spend_Amount": "900",
        "Business_Date": "16-12-2009",
        "Card_Type": "Premium",
        "Paid_Amount": "900",
        "DOB": "12-2-1993",
        "Marital_Status": "S",
        "Postal_Code": "120362",
        "Self_Employed": "No",
        "Calculated_Carry_Over_Amt": "2100",
        "refresh_date": "1577566050336"
    },
    {
        "_id": "5e07bf6823dea879325a58d6",
        "Customer_ID": "32453236",
        "Spend_Amount": "1500",
        "Business_Date": "17-12-2009",
        "Card_Type": "Premium",
        "Paid_Amount": "1500",
        "DOB": "26-6-1994",
        "Marital_Status": "S",
        "Postal_Code": "120224",
        "Self_Employed": "No",
        "Calculated_Carry_Over_Amt": "3600",
        "refresh_date": "1577566050336"
    },
    {
        "_id": "5e07bf6823dea879325a58d7",
        "Customer_ID": "32453237",
        "Spend_Amount": "800",
        "Business_Date": "18-12-2009",
        "Card_Type": "Premium",
        "Paid_Amount": "800",
        "DOB": "25-12-1992",
        "Marital_Status": "M",
        "Postal_Code": "120561",
        "Self_Employed": "No",
        "Calculated_Carry_Over_Amt": "4400",
        "refresh_date": "1577566050336"
    },
    {
        "_id": "5e07bf6923dea879325a58d8",
        "Customer_ID": "32453238",
        "Spend_Amount": "900",
        "Business_Date": "14-12-2009",
        "Card_Type": "Standard",
        "Paid_Amount": "900",
        "DOB": "14-11-1980",
        "Marital_Status": "S",
        "Postal_Code": "120323",
        "Self_Employed": "Yes",
        "Calculated_Carry_Over_Amt": "900",
        "refresh_date": "1577566050336"
    },
    {
        "_id": "5e07bf6923dea879325a58d9",
        "Customer_ID": "32453239",
        "Spend_Amount": "1500",
        "Business_Date": "15-12-2009",
        "Card_Type": "Standard",
        "Paid_Amount": "1500",
        "DOB": "14-11-1980",
        "Marital_Status": "S",
        "Postal_Code": "120323",
        "Self_Employed": "Yes",
        "Calculated_Carry_Over_Amt": "2400",
        "refresh_date": "1577566050336"
    },
    {
        "_id": "5e07bf6923dea879325a58da",
        "Customer_ID": "32453240",
        "Spend_Amount": "800",
        "Business_Date": "16-12-2009",
        "Card_Type": "Standard",
        "Paid_Amount": "800",
        "DOB": "14-11-1980",
        "Marital_Status": "S",
        "Postal_Code": "120323",
        "Self_Employed": "Yes",
        "Calculated_Carry_Over_Amt": "3200",
        "refresh_date": "1577566050336"
    },
    {
        "_id": "5e07bf6923dea879325a58db",
        "Customer_ID": "32453241",
        "Spend_Amount": "2200",
        "Business_Date": "17-12-2009",
        "Card_Type": "Standard",
        "Paid_Amount": "2200",
        "DOB": "14-11-1980",
        "Marital_Status": "S",
        "Postal_Code": "120323",
        "Self_Employed": "Yes",
        "Calculated_Carry_Over_Amt": "5400",
        "refresh_date": "1577566050336"
    },
    {
        "_id": "5e07bf6923dea879325a58dc",
        "Customer_ID": "32453242",
        "Spend_Amount": "12000",
        "Business_Date": "18-12-2009",
        "Card_Type": "Standard",
        "Paid_Amount": "12000",
        "DOB": "14-11-1980",
        "Marital_Status": "S",
        "Postal_Code": "120323",
        "Self_Employed": "Yes",
        "Calculated_Carry_Over_Amt": "17400",
        "refresh_date": "1577566050336"
    },
    {
        "_id": "5e09b822f5461178e319d86a",
        "Customer_ID": "32453243",
        "Business_Date": "14-12-2009",
        "Card_Type": "Premium",
        "Paid_Amount": "400",
        "Spend_Amount": "400",
        "DOB": "22-12-1992",
        "Marital_Status": "M",
        "Postal_Code": "120322",
        "Self_Employed": "No",
        "Calculated_Carry_Over_Amt": "400",
        "refresh_date": "1577695257377"
    },
    {
        "_id": "5e09b822f5461178e319d86b",
        "Customer_ID": "32453244",
        "Business_Date": "15-12-2009",
        "Card_Type": "Premium",
        "Paid_Amount": "800",
        "Spend_Amount": "800",
        "DOB": "22-12-1992",
        "Marital_Status": "M",
        "Postal_Code": "120322",
        "Self_Employed": "No",
        "Calculated_Carry_Over_Amt": "1200",
        "refresh_date": "1577695257377"
    },
    {
        "_id": "5e09b822f5461178e319d86c",
        "Customer_ID": "32453245",
        "Business_Date": "16-12-2009",
        "Card_Type": "Premium",
        "Paid_Amount": "900",
        "Spend_Amount": "900",
        "DOB": "22-12-1992",
        "Marital_Status": "M",
        "Postal_Code": "120322",
        "Self_Employed": "No",
        "Calculated_Carry_Over_Amt": "2100",
        "refresh_date": "1577695257377"
    },
    {
        "_id": "5e09b822f5461178e319d86d",
        "Customer_ID": "32453246",
        "Business_Date": "17-12-2009",
        "Card_Type": "Premium",
        "Paid_Amount": "1500",
        "Spend_Amount": "1500",
        "DOB": "22-12-1992",
        "Marital_Status": "M",
        "Postal_Code": "120322",
        "Self_Employed": "No",
        "Calculated_Carry_Over_Amt": "3200",
        "refresh_date": "1577695257377"
    },
    {
        "_id": "5e09b822f5461178e319d86e",
        "Customer_ID": "32453247",
        "Business_Date": "18-12-2009",
        "Card_Type": "Premium",
        "Paid_Amount": "800",
        "Spend_Amount": "800",
        "DOB": "22-12-1992",
        "Marital_Status": "M",
        "Postal_Code": "120322",
        "Self_Employed": "No",
        "Calculated_Carry_Over_Amt": "3200",
        "refresh_date": "1577695257377"
    },
    {
        "_id": "5e09b823f5461178e319d86f",
        "Customer_ID": "32453248",
        "Business_Date": "14-12-2009",
        "Card_Type": "Standard",
        "Paid_Amount": "900",
        "Spend_Amount": "900",
        "DOB": "14-11-1980",
        "Marital_Status": "S",
        "Postal_Code": "120323",
        "Self_Employed": "Yes",
        "Calculated_Carry_Over_Amt": "900",
        "refresh_date": "1577695257377"
    },
    {
        "_id": "5e09b823f5461178e319d870",
        "Customer_ID": "32453234",
        "Business_Date": "15-12-2009",
        "Card_Type": "Standard",
        "Paid_Amount": "1500",
        "Spend_Amount": "1500",
        "DOB": "14-11-1980",
        "Marital_Status": "S",
        "Postal_Code": "120323",
        "Self_Employed": "Yes",
        "Calculated_Carry_Over_Amt": "2400",
        "refresh_date": "1577695257377"
    },
    {
        "_id": "5e09b823f5461178e319d871",
        "Customer_ID": "32453234",
        "Business_Date": "16-12-2009",
        "Card_Type": "Standard",
        "Paid_Amount": "800",
        "Spend_Amount": "800",
        "DOB": "14-11-1980",
        "Marital_Status": "S",
        "Postal_Code": "120323",
        "Self_Employed": "Yes",
        "Calculated_Carry_Over_Amt": "3200",
        "refresh_date": "1577695257377"
    },
    {
        "_id": "5e09b823f5461178e319d872",
        "Customer_ID": "32453234",
        "Business_Date": "17-12-2009",
        "Card_Type": "Standard",
        "Paid_Amount": "2200",
        "Spend_Amount": "2200",
        "DOB": "14-11-1980",
        "Marital_Status": "S",
        "Postal_Code": "120323",
        "Self_Employed": "Yes",
        "Calculated_Carry_Over_Amt": "4500",
        "refresh_date": "1577695257377"
    },
    {
        "_id": "5e09b823f5461178e319d873",
        "Customer_ID": "32453234",
        "Business_Date": "18-12-2009",
        "Card_Type": "Standard",
        "Paid_Amount": "12000",
        "Spend_Amount": "12000",
        "DOB": "14-11-1980",
        "Marital_Status": "S",
        "Postal_Code": "120323",
        "Self_Employed": "Yes",
        "Calculated_Carry_Over_Amt": "15000",
        "refresh_date": "1577695257377"
    },
    {
        "_id": "5e09b96df5461178e319d878",
        "Customer_ID": "32453233",
        "Business_Date": "14-12-2009",
        "Card_Type": "Premium",
        "Paid_Amount": "400",
        "Spend_Amount": "400",
        "DOB": "22-12-1992",
        "Marital_Status": "M",
        "Postal_Code": "120322",
        "Self_Employed": "No",
        "Diff_col_name": "400",
        "refresh_date": "1577695595132"
    },
    {
        "_id": "5e09b96df5461178e319d879",
        "Customer_ID": "32453233",
        "Business_Date": "15-12-2009",
        "Card_Type": "Premium",
        "Paid_Amount": "800",
        "Spend_Amount": "800",
        "DOB": "22-12-1992",
        "Marital_Status": "M",
        "Postal_Code": "120322",
        "Self_Employed": "No",
        "Diff_col_name": "1200",
        "refresh_date": "1577695595132"
    },
    {
        "_id": "5e09b96df5461178e319d87a",
        "Customer_ID": "32453233",
        "Business_Date": "16-12-2009",
        "Card_Type": "Premium",
        "Paid_Amount": "900",
        "Spend_Amount": "900",
        "DOB": "22-12-1992",
        "Marital_Status": "M",
        "Postal_Code": "120322",
        "Self_Employed": "No",
        "Diff_col_name": "2100",
        "refresh_date": "1577695595132"
    },
    {
        "_id": "5e09b96df5461178e319d87b",
        "Customer_ID": "32453233",
        "Business_Date": "17-12-2009",
        "Card_Type": "Premium",
        "Paid_Amount": "1500",
        "Spend_Amount": "1500",
        "DOB": "22-12-1992",
        "Marital_Status": "M",
        "Postal_Code": "120322",
        "Self_Employed": "No",
        "Diff_col_name": "3200",
        "refresh_date": "1577695595132"
    },
    {
        "_id": "5e09b96df5461178e319d87c",
        "Customer_ID": "32453233",
        "Business_Date": "18-12-2009",
        "Card_Type": "Premium",
        "Paid_Amount": "800",
        "Spend_Amount": "800",
        "DOB": "22-12-1992",
        "Marital_Status": "M",
        "Postal_Code": "120322",
        "Self_Employed": "No",
        "Diff_col_name": "3200",
        "refresh_date": "1577695595132"
    },
    {
        "_id": "5e09b96df5461178e319d87d",
        "Customer_ID": "32453234",
        "Business_Date": "14-12-2009",
        "Card_Type": "Standard",
        "Paid_Amount": "900",
        "Spend_Amount": "900",
        "DOB": "14-11-1980",
        "Marital_Status": "S",
        "Postal_Code": "120323",
        "Self_Employed": "Yes",
        "Diff_col_name": "900",
        "refresh_date": "1577695595132"
    },
    {
        "_id": "5e09b96df5461178e319d87e",
        "Customer_ID": "32453234",
        "Business_Date": "15-12-2009",
        "Card_Type": "Standard",
        "Paid_Amount": "1500",
        "Spend_Amount": "1500",
        "DOB": "14-11-1980",
        "Marital_Status": "S",
        "Postal_Code": "120323",
        "Self_Employed": "Yes",
        "Diff_col_name": "2400",
        "refresh_date": "1577695595132"
    },
    {
        "_id": "5e09b96df5461178e319d87f",
        "Customer_ID": "32453234",
        "Business_Date": "16-12-2009",
        "Card_Type": "Standard",
        "Paid_Amount": "800",
        "Spend_Amount": "800",
        "DOB": "14-11-1980",
        "Marital_Status": "S",
        "Postal_Code": "120323",
        "Self_Employed": "Yes",
        "Diff_col_name": "3200",
        "refresh_date": "1577695595132"
    },
    {
        "_id": "5e09b96df5461178e319d880",
        "Customer_ID": "32453234",
        "Business_Date": "17-12-2009",
        "Card_Type": "Standard",
        "Paid_Amount": "2200",
        "Spend_Amount": "2200",
        "DOB": "14-11-1980",
        "Marital_Status": "S",
        "Postal_Code": "120323",
        "Self_Employed": "Yes",
        "Diff_col_name": "4500",
        "refresh_date": "1577695595132"
    },
    {
        "_id": "5e09b96df5461178e319d881",
        "Customer_ID": "32453234",
        "Business_Date": "18-12-2009",
        "Card_Type": "Standard",
        "Paid_Amount": "12000",
        "Spend_Amount": "12000",
        "DOB": "14-11-1980",
        "Marital_Status": "S",
        "Postal_Code": "120323",
        "Self_Employed": "Yes",
        "Diff_col_name": "15000",
        "refresh_date": "1577695595132"
    },
    {
        "_id": "5e09d93d3158ad4e637db7fe",
        "Customer_ID": "32453233",
        "Business_Date": "14-12-2009",
        "Card_Type": "Premium",
        "Paid_Amount": "400",
        "Spend_Amount": "400",
        "DOB": "22-12-1992",
        "Marital_Status": "M",
        "Postal_Code": "120322",
        "Self_Employed": "No",
        "Calculated_Carry_Over_Amt": "400",
        "refresh_date": "1577703732135"
    },
    {
        "_id": "5e09d93d3158ad4e637db7ff",
        "Customer_ID": "32453233",
        "Business_Date": "15-12-2009",
        "Card_Type": "Premium",
        "Paid_Amount": "800",
        "Spend_Amount": "800",
        "DOB": "22-12-1992",
        "Marital_Status": "M",
        "Postal_Code": "120322",
        "Self_Employed": "No",
        "Calculated_Carry_Over_Amt": "1200",
        "refresh_date": "1577703732135"
    },
    {
        "_id": "5e09d93d3158ad4e637db800",
        "Customer_ID": "32453233",
        "Business_Date": "16-12-2009",
        "Card_Type": "Premium",
        "Paid_Amount": "900",
        "Spend_Amount": "900",
        "DOB": "22-12-1992",
        "Marital_Status": "M",
        "Postal_Code": "120322",
        "Self_Employed": "No",
        "Calculated_Carry_Over_Amt": "2100",
        "refresh_date": "1577703732135"
    },
    {
        "_id": "5e09d93d3158ad4e637db801",
        "Customer_ID": "32453233",
        "Business_Date": "17-12-2009",
        "Card_Type": "Premium",
        "Paid_Amount": "1500",
        "Spend_Amount": "1500",
        "DOB": "22-12-1992",
        "Marital_Status": "M",
        "Postal_Code": "120322",
        "Self_Employed": "No",
        "Calculated_Carry_Over_Amt": "3600",
        "refresh_date": "1577703732135"
    },
    {
        "_id": "5e09d93d3158ad4e637db802",
        "Customer_ID": "32453233",
        "Business_Date": "18-12-2009",
        "Card_Type": "Premium",
        "Paid_Amount": "800",
        "Spend_Amount": "800",
        "DOB": "22-12-1992",
        "Marital_Status": "M",
        "Postal_Code": "120322",
        "Self_Employed": "No",
        "Calculated_Carry_Over_Amt": "4400",
        "refresh_date": "1577703732135"
    },
    {
        "_id": "5e09d93e3158ad4e637db803",
        "Customer_ID": "32453234",
        "Business_Date": "14-12-2009",
        "Card_Type": "Standard",
        "Paid_Amount": "900",
        "Spend_Amount": "900",
        "DOB": "14-11-1980",
        "Marital_Status": "S",
        "Postal_Code": "120323",
        "Self_Employed": "Yes",
        "Calculated_Carry_Over_Amt": "900",
        "refresh_date": "1577703732135"
    },
    {
        "_id": "5e09d93e3158ad4e637db804",
        "Customer_ID": "32453234",
        "Business_Date": "15-12-2009",
        "Card_Type": "Standard",
        "Paid_Amount": "1500",
        "Spend_Amount": "1500",
        "DOB": "14-11-1980",
        "Marital_Status": "S",
        "Postal_Code": "120323",
        "Self_Employed": "Yes",
        "Calculated_Carry_Over_Amt": "2400",
        "refresh_date": "1577703732135"
    },
    {
        "_id": "5e09d93e3158ad4e637db805",
        "Customer_ID": "32453234",
        "Business_Date": "16-12-2009",
        "Card_Type": "Standard",
        "Paid_Amount": "800",
        "Spend_Amount": "800",
        "DOB": "14-11-1980",
        "Marital_Status": "S",
        "Postal_Code": "120323",
        "Self_Employed": "Yes",
        "Calculated_Carry_Over_Amt": "3200",
        "refresh_date": "1577703732135"
    },
    {
        "_id": "5e09d93e3158ad4e637db806",
        "Customer_ID": "32453234",
        "Business_Date": "17-12-2009",
        "Card_Type": "Standard",
        "Paid_Amount": "2200",
        "Spend_Amount": "2200",
        "DOB": "14-11-1980",
        "Marital_Status": "S",
        "Postal_Code": "120323",
        "Self_Employed": "Yes",
        "Calculated_Carry_Over_Amt": "5400",
        "refresh_date": "1577703732135"
    },
    {
        "_id": "5e09d93e3158ad4e637db807",
        "Customer_ID": "32453234",
        "Business_Date": "18-12-2009",
        "Card_Type": "Standard",
        "Paid_Amount": "12000",
        "Spend_Amount": "12000",
        "DOB": "14-11-1980",
        "Marital_Status": "S",
        "Postal_Code": "120323",
        "Self_Employed": "Yes",
        "Calculated_Carry_Over_Amt": "17400",
        "refresh_date": "1577703732135"
    }
]